Room,Place
Attic,On floor
Drawing room,Behind chair
Drawing room,Cabinet
Drawing room,Under table
Drawing room,In wood basket
Drawing room,Under cabinet
Drawing room,Inside vase
Music room,Underneath piano
Entranceway,Upper shoe cupboard
Entranceway,Lower shoe cupboard
Entranceway,In dad's coat
Entranceway,In mum's coat
Ezra's bathroom,Cupboard under sink
Ezra's bathroom,Cupboard above sink
Ezra's room,Righthand wardrobe
Ezra's room,Top bookshelf
Ezra's room,Lefthand wardrobe
Ezra's room,Under bed
Front room,Cabinet by sofa (bot/rt)
Front room,Cabinet drawer near icon
Front room,Printer
Front room,Behind fireplace
Front room,Behind mum's couch
Front room,Under Sascha's desk
Front room,In basket next to fireplace
Front room,Behind the curtains
James' study,Wardrobe
James' study,Under desk
James' bedroom,Behind door
James' bedroom,Behind wardrobe curtains
James' bedroom,Stuck to bedpost
James' bedroom,Behind window curtains
James' bedroom,Under wardrobe
James' bedroom,Inside wardrobe on bottom shelf
James' bedroom,Under bed
James' bedroom,Under couch cushion
Kitchen,Cabinet under sink
Kitchen,Cupboard with bread flour
Kitchen,Next to frying pan in drawer
Kitchen,Inside microwave
Kitchen,Inside bowl in drawer
Kitchen,In fridge on top shelf
Kitchen,Behind the toaster
Kitchen,Electronics drawer
Kitchen,With spices
Kitchen,Inside a saucepan
Kitchen,Inside a mug in the cupboard
Kitchen,In the bread basket
Main bathroom,Under sink
Main bathroom,In cupboard
Main bathroom,Behind bathtub
Mid-level hall,Hallway cupboard
Mid-level hall,In linen closet glass cabinet
Mid-level hall,In linen closet drawer
Mum's bedroom,Ensuite bathroom
Mum's bedroom,Under bed
Mum's bedroom,Under clothes on chair
Mum's bedroom,Behind curtains
Mum's bedroom,Behind door
Mum's bedroom,Under the bed covers
Mum's study,Glass cabinet
Mum's study,Behind a book on bookcase
Mum's study,Underneath printer
Mum's study,In cupboard behind door
Mum's study,Behind sofa
Mum's study,Under cushion on sofa
Music room,Behind curtains
Music room,In wood basket
Music room,Under couch cushion
Music room,Behind the running machine
Music room,In the cabinet beside the TV
Music room,In the toy cabinet at the bottom
Music room,In the toy cabinet around eye level
Pantry,Amongst the wine
Sascha's bedroom,In wardrobe
Sascha's bedroom,Under bed
Sascha's bedroom,In the bed
Sascha's bedroom,In cupboard next to bed
Small bathroom,Under sink
Small bathroom,Behind toilet
Small bathroom,In shower nook
Small bathroom,Behind door
Stairwell,Underneath cushion on chair
Utility room,Laundry (upper) basket
Utility room,Tool cabinet
Utility room,In bucket on top of washing machine
Utility room,Ironing (lower) basket
Utility room,On top of the freezer
Utility room,Under the sink
